605506,4,J,Semester 1,20,ENGLIT4101
605506,4,J,Semester 2,40,Dissertation
1105556,4,J,Semester 1,40,Dissertation
1105556,4,J,Semester 2,20,ENGLIT4087
2013757,4,S,Semester 1,60,ENGLIT4092,ENGLIT4104,ENGLIT4110
2013757,4,S,Semester 2,60,ENGLIT4111,Dissertation
2026766,4,S,Semester 1,60,ENGLIT4094,ENGLIT4109,ENGLIT4122
2026766,4,S,Semester 2,60,ENGLIT4105,Dissertation
2030262,4,J,Semester 1,20,ENGLIT4107
2030262,4,J,Semester 2,40,Dissertation
2038663,4,S,Semester 1,60,ENGLIT4083,ENGLIT4097,ENGLIT4106
2038663,4,S,Semester 2,60,ENGLIT4111,Dissertation
2062401,4,S,Semester 1,60,ENGLIT4092,ENGLIT4097,ENGLIT4104
2062401,4,S,Semester 2,60,ENGLIT4125,Dissertation
2062982,3,S,Semester 1,40,ENGLIT4002,ENGLIT4121
2062982,3,S,Semester 2,40,ENGLIT4084,ENGLIT4086
2063534,4,J,Semester 1,20,ENGLIT4110
2063534,4,J,Semester 2,40,Dissertation
2066935,4,J,Semester 1,40,Dissertation
2066935,4,J,Semester 2,20,ENGLIT4111
2066984,4,S,Semester 1,60,ENGLANG4057,ENGLIT4092,ENGLIT4106
2066984,4,S,Semester 2,60,ENGLIT4096,Dissertation
2067764,4,S,Semester 1,60,ENGLIT4092,ENGLIT4101,ENGLIT4106
2067764,4,S,Semester 2,60,ENGLIT4084,Dissertation
2068126,4,J,Semester 1,20,ENGLIT4092
2068126,4,J,Semester 2,40,Dissertation
2070817,4,S,Semester 1,60,ENGLIT4092,ENGLIT4097,ENGLIT4101
2070817,4,S,Semester 2,60,ENGLIT4099,Dissertation
2072561,3,J,Semester 1,20,ENGLIT4121
2072561,3,J,Semester 2,20,ENGLIT4084
2072573,4,J,Semester 1,40,Dissertation
2072573,4,J,Semester 2,20,ENGLIT4105
2073693,4,J,Semester 1,20,ENGLIT4104
2073693,4,J,Semester 2,40,Dissertation
2073962,4,S,Semester 1,60,ENGLANG4035,ENGLANG4057,ENGLIT4101
2073962,4,S,Semester 2,60,ENGLIT4120,Dissertation
2074248,4,J,Semester 1,20,ENGLIT4097
2074248,4,J,Semester 2,40,Dissertation
2074261,3,S,Semester 1,40,ENGLIT4002,ENGLIT4121
2074261,3,S,Semester 2,40,ENGLIT4088,ENGLIT4091
2074596,4,J,Semester 1,40,Dissertation
2074596,4,J,Semester 2,20,ENGLIT4108
2074727,3,S,Semester 1,40,ENGLIT4085,ENGLIT4121
2074727,3,S,Semester 2,40,ENGLIT4087,ENGLIT4091
2074987,3,S,Semester 1,40,ENGLIT4002,ENGLIT4083
2074987,3,S,Semester 2,40,ENGLIT4084,ENGLIT4091
2075150,4,J,Semester 1,20,ENGLIT4104
2075150,4,J,Semester 2,40,Dissertation
2076398,4,J,Semester 1,20,ENGLANG4035
2076398,4,J,Semester 2,40,Dissertation
2076666,4,J,Semester 1,20,ENGLIT4104
2076666,4,J,Semester 2,40,Dissertation
2076678,4,S,Semester 1,60,ENGLIT4110,Dissertation
2076678,4,S,Semester 2,60,ENGLIT4096,ENGLIT4099,ENGLIT4102
2076761,4,J,Semester 1,20,ENGLIT4104
2076761,4,J,Semester 2,40,Dissertation
2078541,4,J,Semester 1,40,Dissertation
2078541,4,J,Semester 2,20,ENGLIT4120
2078933,4,J,Semester 1,20,ENGLIT4110
2078933,4,J,Semester 2,40,Dissertation
2079242,4,J,Semester 1,20,ENGLIT4107
2079242,4,J,Semester 2,40,Dissertation
2079402,4,S,Semester 1,60,ENGLIT4092,Dissertation
2079402,4,S,Semester 2,60,ENGLIT4099,ENGLIT4111,ENGLIT4125
2079836,4,S,Semester 1,60,ENGLIT4092,ENGLIT4094,ENGLIT4110
2079836,4,S,Semester 2,60,ENGLIT4102,Dissertation
2081616,4,S,Semester 1,60,ENGLIT4110,Dissertation
2081616,4,S,Semester 2,60,ENGLIT4099,ENGLIT4105,ENGLIT4111
2082428,4,J,Semester 1,40,Dissertation
2082428,4,J,Semester 2,20,ENGLIT4102
2082960,4,J,Semester 1,40,Dissertation
2082960,4,J,Semester 2,20,ENGLIT4102
2083332,4,J,Semester 1,40,Dissertation
2083332,4,J,Semester 2,20,ENGLIT4108
2084133,4,S,Semester 1,60,ENGLIT4092,ENGLIT4097,ENGLIT4104
2084133,4,S,Semester 2,60,ENGLIT4111,Dissertation
2084306,4,J,Semester 1,20,ENGLIT4097
2084306,4,J,Semester 2,40,Dissertation
2084400,4,J,Semester 1,20,ENGLIT4094
2084400,4,J,Semester 2,40,Dissertation
2084408,4,S,Semester 1,60,ENGLIT4104,Dissertation
2084408,4,S,Semester 2,60,ENGLANG4036,ENGLIT4095,ENGLIT4099
2084420,4,J,Semester 1,40,Dissertation
2084420,4,J,Semester 2,20,ENGLIT4102
2084997,4,S,Semester 1,60,ENGLIT4097,ENGLIT4107,ENGLIT4109
2084997,4,S,Semester 2,60,ENGLIT4111,Dissertation
2085202,4,J,Semester 1,40,Dissertation
2085202,4,J,Semester 2,20,ENGLIT4102
2085434,4,S,Semester 1,60,ENGLIT4089,ENGLIT4109,ENGLIT4122
2085434,4,S,Semester 2,60,ENGLIT4108,Dissertation
2087619,4,S,Semester 1,60,ENGLIT4106,Dissertation
2087619,4,S,Semester 2,60,ENGLIT4103,ENGLIT4108,ENGLIT4111
2089430,4,J,Semester 1,20,ENGLIT4085
2089430,4,J,Semester 2,40,Dissertation
2089723,4,S,Semester 1,60,ENGLIT4110,Dissertation
2089723,4,S,Semester 2,60,ENGLANG4036,ENGLIT4099,ENGLIT4105
2091591,4,J,Semester 1,20,ENGLIT4104
2091591,4,J,Semester 2,40,Dissertation
2091776,4,J,Semester 1,40,Dissertation
2091776,4,J,Semester 2,20,ENGLIT4105
2094315,4,S,Semester 1,60,ENGLIT4094,Dissertation
2094315,4,S,Semester 2,60,ENGLIT4095,ENGLIT4099,ENGLIT4120
2095801,4,J,Semester 1,40,Dissertation
2095801,4,J,Semester 2,20,ENGLIT4108
2096613,4,J,Semester 1,40,Dissertation
2096613,4,J,Semester 2,20,ENGLIT4051
2109378,3,S,Semester 1,40,ENGLIT4085,ENGLIT4089
2109378,3,S,Semester 2,40,ENGLIT4086,ENGLIT4088
2110440,4,S,Semester 1,60,ENGLANG4035,Dissertation
2110440,4,S,Semester 2,60,ENGLIT4108,ENGLIT4120,ENGLIT4125
2113395,4,J,Semester 1,40,Dissertation
2113395,4,J,Semester 2,20,ENGLIT4099
2115183,4,S,Semester 1,60,ENGLIT4107,Dissertation
2115183,4,S,Semester 2,60,ENGLANG4036,ENGLIT4096,ENGLIT4111
2116419,4,S,Semester 1,60,ENGLIT4092,ENGLIT4109,ENGLIT4122
2116419,4,S,Semester 2,60,ENGLIT4102,Dissertation
2117128,3,S,Semester 1,40,ENGLIT4089,ENGLIT4119
2117128,3,S,Semester 2,40,ENGLIT4084,ENGLIT4088
2117400,4,J,Semester 1,20,ENGLIT4107
2117400,4,J,Semester 2,40,Dissertation
2119361,4,S,Semester 1,60,ENGLIT4092,ENGLIT4097,ENGLIT4110
2119361,4,S,Semester 2,60,ENGLIT4099,Dissertation
2119993,4,S,Semester 1,60,ENGLIT4097,ENGLIT4109,ENGLIT4124
2119993,4,S,Semester 2,60,ENGLIT4120,Dissertation
2121114,4,S,Semester 1,60,ENGLIT4110,Dissertation
2121114,4,S,Semester 2,60,ENGLIT4087,ENGLIT4088,ENGLIT4105
2121134,4,J,Semester 1,20,ENGLIT4104
2121134,4,J,Semester 2,40,Dissertation
2122258,4,S,Semester 1,60,ENGLIT4097,ENGLIT4101,ENGLIT4122
2122258,4,S,Semester 2,60,ENGLIT4105,Dissertation
2122264,4,J,Semester 1,20,ENGLIT4110
2122264,4,J,Semester 2,40,Dissertation
2122820,3,J,Semester 1,20,ENGLIT4083
2122820,3,J,Semester 2,20,ENGLIT4087
2122836,3,J,Semester 1,20,ENGLIT4002
2122836,3,J,Semester 2,20,ENGLIT4091
2123662,4,J,Semester 1,20,ENGLIT4092
2123662,4,J,Semester 2,40,Dissertation
2124546,4,J,Semester 1,20,ENGLIT4107
2124546,4,J,Semester 2,40,Dissertation
2124577,4,J,Semester 1,20,ENGLIT4092
2124577,4,J,Semester 2,40,Dissertation
2124794,4,S,Semester 1,60,ENGLANG4057,ENGLIT4085,ENGLIT4107
2124794,4,S,Semester 2,60,ENGLIT4125,Dissertation
2124799,4,S,Semester 1,60,ENGLIT4104,Dissertation
2124799,4,S,Semester 2,60,ENGLIT4095,ENGLIT4096,ENGLIT4125
2125013,4,J,Semester 1,40,Dissertation
2125013,4,J,Semester 2,20,ENGLIT4102
2125488,4,J,Semester 1,40,Dissertation
2125488,4,J,Semester 2,20,ENGLIT4105
2125530,4,S,Semester 1,60,ENGLIT4107,Dissertation
2125530,4,S,Semester 2,60,ENGLIT4096,ENGLIT4111,ENGLIT4120
2125793,4,S,Semester 1,60,ENGLIT4109,Dissertation
2125793,4,S,Semester 2,60,ENGLIT4103,ENGLIT4105,ENGLIT4120
2126320,4,S,Semester 1,60,ENGLIT4101,Dissertation
2126320,4,S,Semester 2,60,ENGLIT4102,ENGLIT4105,ENGLIT4108
2126581,4,J,Semester 1,20,ENGLIT4107
2126581,4,J,Semester 2,40,Dissertation
2126612,4,S,Semester 1,80,ENGLIT4106,ENGLIT4107,Dissertation
2126612,4,S,Semester 2,40,ENGLIT4095,ENGLIT4120
2126896,3,S,Semester 1,40,ENGLIT4002,ENGLIT4089
2126896,3,S,Semester 2,40,ENGLIT4088,ENGLIT4091
2127121,4,S,Semester 1,60,ENGLIT4109,Dissertation
2127121,4,S,Semester 2,60,ENGLIT4099,ENGLIT4105,ENGLIT4120
2127166,4,S,Semester 1,60,ENGLIT4097,ENGLIT4109,ENGLIT4122
2127166,4,S,Semester 2,60,ENGLIT4099,Dissertation
2127167,4,J,Semester 1,20,ENGLIT4092
2127167,4,J,Semester 2,40,Dissertation
2127531,4,S,Semester 1,60,ENGLIT4092,ENGLIT4106,ENGLIT4109
2127531,4,S,Semester 2,60,ENGLIT4096,Dissertation
2127553,4,S,Semester 1,80,ENGLIT4101,ENGLIT4104,Dissertation
2127553,4,S,Semester 2,40,ENGLIT4105,ENGLIT4108
2127564,4,S,Semester 1,60,ENGLIT4092,Dissertation
2127564,4,S,Semester 2,60,ENGLIT4096,ENGLIT4099,ENGLIT4102
2127571,3,S,Semester 1,40,ENGLIT4083,ENGLIT4085
2127571,3,S,Semester 2,40,ENGLIT4086,ENGLIT4091
2127716,3,S,Semester 1,40,ENGLIT4083,ENGLIT4089
2127716,3,S,Semester 2,40,ENGLIT4084,ENGLIT4088
2127742,4,J,Semester 1,20,ENGLIT4107
2127742,4,J,Semester 2,40,Dissertation
2127768,3,J,Semester 1,20,ENGLIT4083
2127768,3,J,Semester 2,20,ENGLIT4091
2128252,4,S,Semester 1,60,ENGLIT4097,ENGLIT4104,ENGLIT4109
2128252,4,S,Semester 2,60,ENGLIT4095,Dissertation
2128315,4,S,Semester 1,60,ENGLIT4104,Dissertation
2128315,4,S,Semester 2,60,ENGLIT4099,ENGLIT4102,ENGLIT4125
2128319,4,S,Semester 1,60,ENGLIT4092,Dissertation
2128319,4,S,Semester 2,60,ENGLIT4108,ENGLIT4111,ENGLIT4125
2128499,3,J,Semester 1,20,ENGLIT4089
2128499,3,J,Semester 2,20,ENGLIT4088
2128596,4,J,Semester 1,40,Dissertation
2128596,4,J,Semester 2,20,ENGLIT4108
2128830,4,J,Semester 1,20,ENGLIT4104
2128830,4,J,Semester 2,40,Dissertation
2128880,3,J,Semester 1,20,ENGLIT4085
2128880,3,J,Semester 2,20,ENGLIT4088
2129050,3,J,Semester 1,0
2129050,3,J,Semester 2,40,ENGLIT4084,ENGLIT4088
2129812,4,J,Semester 1,20,ENGLIT4097
2129812,4,J,Semester 2,40,Dissertation
2129891,4,S,Semester 1,60,ENGLIT4101,ENGLIT4106,ENGLIT4110
2129891,4,S,Semester 2,60,ENGLIT4096,Dissertation
2129922,4,J,Semester 1,20,ENGLIT4109
2129922,4,J,Semester 2,40,Dissertation
2130084,4,S,Semester 1,60,ENGLIT4101,ENGLIT4107,ENGLIT4110
2130084,4,S,Semester 2,60,ENGLIT4099,Dissertation
2130589,4,S,Semester 1,60,ENGLIT4092,Dissertation
2130589,4,S,Semester 2,60,ENGLIT4102,ENGLIT4103,ENGLIT4105
2131709,4,S,Semester 1,60,ENGLIT4089,Dissertation
2131709,4,S,Semester 2,60,ENGLIT4088,ENGLIT4096,ENGLIT4099
2131889,4,J,Semester 1,20,ENGLANG4035
2131889,4,J,Semester 2,40,Dissertation
2131969,3,S,Semester 1,40,ENGLIT4002,ENGLIT4119
2131969,3,S,Semester 2,40,ENGLIT4084,ENGLIT4091
2132230,4,S,Semester 1,60,ENGLIT4092,ENGLIT4097,ENGLIT4122
2132230,4,S,Semester 2,60,ENGLIT4108,Dissertation
2132236,4,J,Semester 1,40,Dissertation
2132236,4,J,Semester 2,20,ENGLIT4096
2132560,4,J,Semester 1,20,ENGLIT4109
2132560,4,J,Semester 2,40,Dissertation
2132682,4,S,Semester 1,60,ENGLIT4092,ENGLIT4101,ENGLIT4106
2132682,4,S,Semester 2,60,ENGLIT4102,Dissertation
2132694,3,S,Semester 1,40,ENGLIT4089,ENGLIT4119
2132694,3,S,Semester 2,40,ENGLIT4084,ENGLIT4091
2132721,4,J,Semester 1,20,ENGLIT4092
2132721,4,J,Semester 2,40,Dissertation
2132817,4,S,Semester 1,60,ENGLIT4124,Dissertation
2132817,4,S,Semester 2,60,ENGLIT4096,ENGLIT4105,ENGLIT4111
2133338,4,J,Semester 1,40,Dissertation
2133338,4,J,Semester 2,20,ENGLIT4095
2133364,4,J,Semester 1,20,ENGLIT4107
2133364,4,J,Semester 2,40,Dissertation
2133681,4,J,Semester 1,20,ENGLIT4104
2133681,4,J,Semester 2,40,Dissertation
2133706,4,J,Semester 1,20,ENGLIT4104
2133706,4,J,Semester 2,40,Dissertation
2133760,4,J,Semester 1,40,Dissertation
2133760,4,J,Semester 2,20,ENGLIT4105
2133849,4,J,Semester 1,40,Dissertation
2133849,4,J,Semester 2,20,ENGLIT4108
2134431,4,J,Semester 1,20,ENGLIT4107
2134431,4,J,Semester 2,40,Dissertation
2134506,4,J,Semester 1,20,ENGLIT4110
2134506,4,J,Semester 2,40,Dissertation
2134577,3,J,Semester 1,0
2134577,3,J,Semester 2,40,ENGLIT4088,ENGLIT4091
2134925,4,S,Semester 1,60,ENGLIT4092,ENGLIT4109,ENGLIT4110
2134925,4,S,Semester 2,60,ENGLIT4105,Dissertation
2135029,4,J,Semester 1,40,Dissertation
2135029,4,J,Semester 2,20,ENGLIT4111
2135106,4,S,Semester 1,60,ENGLANG4035,ENGLIT4094,ENGLIT4109
2135106,4,S,Semester 2,60,ENGLIT4120,Dissertation
2135129,4,S,Semester 1,60,ENGLIT4089,Dissertation
2135129,4,S,Semester 2,60,ENGLIT4088,ENGLIT4099,ENGLIT4111
2135333,4,S,Semester 1,60,ENGLIT4110,Dissertation
2135333,4,S,Semester 2,60,ENGLIT4105,ENGLIT4108,ENGLIT4111
2135372,3,J,Semester 1,0
2135372,3,J,Semester 2,40,ENGLIT4084,ENGLIT4087
2135430,4,J,Semester 1,20,ENGLIT4094
2135430,4,J,Semester 2,40,Dissertation
2135597,3,J,Semester 1,20,ENGLIT4119
2135597,3,J,Semester 2,20,ENGLIT4088
2135620,4,S,Semester 1,60,ENGLIT4097,ENGLIT4104,ENGLIT4107
2135620,4,S,Semester 2,60,ENGLIT4095,Dissertation
2135625,4,S,Semester 1,60,ENGLIT4097,ENGLIT4104,ENGLIT4124
2135625,4,S,Semester 2,60,ENGLIT4099,Dissertation
2135972,4,J,Semester 1,20,ENGLIT4106
2135972,4,J,Semester 2,40,Dissertation
2136030,4,S,Semester 1,60,ENGLIT4092,ENGLIT4106,ENGLIT4110
2136030,4,S,Semester 2,60,ENGLIT4105,Dissertation
2136146,4,J,Semester 1,20,ENGLIT4097
2136146,4,J,Semester 2,40,Dissertation
2136219,4,S,Semester 1,60,ENGLIT4094,ENGLIT4104,ENGLIT4109
2136219,4,S,Semester 2,60,ENGLIT4111,Dissertation
2136248,3,J,Semester 1,0
2136248,3,J,Semester 2,40,ENGLIT4087,ENGLIT4091
2136266,3,J,Semester 1,20,ENGLIT4085
2136266,3,J,Semester 2,20,ENGLIT4088
2136333,4,S,Semester 1,80,ENGLIT4092,ENGLIT4097,Dissertation
2136333,4,S,Semester 2,40,ENGLIT4096,ENGLIT4108
2136438,4,J,Semester 1,20,ENGLIT4107
2136438,4,J,Semester 2,40,Dissertation
2136979,4,S,Semester 1,60,ENGLIT4097,ENGLIT4110,ENGLIT4122
2136979,4,S,Semester 2,60,ENGLIT4125,Dissertation
2137009,4,J,Semester 1,40,Dissertation
2137009,4,J,Semester 2,20,ENGLIT4088
2137069,4,S,Semester 1,60,ENGLIT4092,ENGLIT4097,ENGLIT4104
2137069,4,S,Semester 2,60,ENGLIT4108,Dissertation
2137105,4,J,Semester 1,20,ENGLIT4122
2137105,4,J,Semester 2,40,Dissertation
2137119,3,J,Semester 1,20,ENGLIT4121
2137119,3,J,Semester 2,20,ENGLIT4084
2137137,4,J,Semester 1,20,ENGLIT4097
2137137,4,J,Semester 2,40,Dissertation
2137170,4,J,Semester 1,20,ENGLIT4104
2137170,4,J,Semester 2,40,Dissertation
2137610,3,S,Semester 1,40,ENGLIT4083,ENGLIT4119
2137610,3,S,Semester 2,40,ENGLIT4084,ENGLIT4088
2137662,3,S,Semester 1,40,ENGLIT4002,ENGLIT4083
2137662,3,S,Semester 2,40,ENGLIT4088,ENGLIT4091
2137713,3,J,Semester 1,20,ENGLIT4119
2137713,3,J,Semester 2,20,ENGLIT4088
2137770,4,S,Semester 1,60,ENGLIT4122,Dissertation
2137770,4,S,Semester 2,60,ENGLIT4088,ENGLIT4105,ENGLIT4111
2138016,4,S,Semester 1,60,ENGLIT4094,Dissertation
2138016,4,S,Semester 2,60,ENGLIT4095,ENGLIT4099,ENGLIT4102
2138294,4,J,Semester 1,20,ENGLIT4101
2138294,4,J,Semester 2,40,Dissertation
2138491,4,J,Semester 1,40,Dissertation
2138491,4,J,Semester 2,20,ENGLIT4105
2138526,4,J,Semester 1,20,ENGLIT4122
2138526,4,J,Semester 2,40,Dissertation
2138575,4,J,Semester 1,20,ENGLIT4107
2138575,4,J,Semester 2,40,Dissertation
2138707,4,J,Semester 1,40,Dissertation
2138707,4,J,Semester 2,20,ENGLIT4102
2138708,4,S,Semester 1,60,ENGLIT4092,Dissertation
2138708,4,S,Semester 2,60,ENGLIT4096,ENGLIT4108,ENGLIT4111
2138720,4,J,Semester 1,20,ENGLIT4097
2138720,4,J,Semester 2,40,Dissertation
2138756,3,J,Semester 1,20,ENGLIT4002
2138756,3,J,Semester 2,20,ENGLIT4084
2138927,4,S,Semester 1,60,ENGLIT4092,ENGLIT4106,ENGLIT4122
2138927,4,S,Semester 2,60,ENGLIT4103,Dissertation
2139018,4,S,Semester 1,60,ENGLIT4097,ENGLIT4107,ENGLIT4110
2139018,4,S,Semester 2,60,ENGLIT4095,Dissertation
2139191,4,S,Semester 1,60,ENGLIT4097,ENGLIT4106,ENGLIT4124
2139191,4,S,Semester 2,60,ENGLIT4105,Dissertation
2139559,4,J,Semester 1,20,ENGLANG4035
2139559,4,J,Semester 2,40,Dissertation
2139732,4,S,Semester 1,60,ENGLIT4109,Dissertation
2139732,4,S,Semester 2,60,ENGLIT4091,ENGLIT4096,ENGLIT4111
2139827,4,S,Semester 1,60,ENGLIT4101,ENGLIT4110,ENGLIT4122
2139827,4,S,Semester 2,60,ENGLIT4108,Dissertation
2140054,4,S,Semester 1,60,ENGLIT4104,ENGLIT4106,ENGLIT4109
2140054,4,S,Semester 2,60,ENGLIT4120,Dissertation
2140550,3,J,Semester 1,20,ENGLIT4121
2140550,3,J,Semester 2,20,ENGLIT4084
2140651,4,S,Semester 1,60,ENGLIT4092,Dissertation
2140651,4,S,Semester 2,60,ENGLIT4105,ENGLIT4108,ENGLIT4111
2140672,3,J,Semester 1,20,ENGLIT4121
2140672,3,J,Semester 2,20,ENGLIT4088
2140687,3,J,Semester 1,20,ENGLIT4083
2140687,3,J,Semester 2,20,ENGLIT4086
2140977,4,J,Semester 1,40,Dissertation
2140977,4,J,Semester 2,20,ENGLIT4102
2141143,4,S,Semester 1,60,ENGLIT4107,ENGLIT4109,ENGLIT4110
2141143,4,S,Semester 2,60,ENGLIT4120,Dissertation
2142401,4,J,Semester 1,20,ENGLIT4094
2142401,4,J,Semester 2,40,Dissertation
2142424,4,S,Semester 1,60,ENGLIT4092,ENGLIT4104,ENGLIT4124
2142424,4,S,Semester 2,60,ENGLIT4096,Dissertation
2142610,4,S,Semester 1,60,ENGLIT4092,ENGLIT4109,ENGLIT4124
2142610,4,S,Semester 2,60,ENGLANG4036,Dissertation
2143251,4,S,Semester 1,60,ENGLIT4094,ENGLIT4107,ENGLIT4109
2143251,4,S,Semester 2,60,ENGLIT4099,Dissertation
2143330,3,J,Semester 1,20,ENGLIT4119
2143330,3,J,Semester 2,20,ENGLIT4088
2143452,4,J,Semester 1,20,ENGLIT4104
2143452,4,J,Semester 2,40,Dissertation
2143592,4,J,Semester 1,40,Dissertation
2143592,4,J,Semester 2,20,ENGLIT4102
2143618,4,J,Semester 1,20,ENGLIT4107
2143618,4,J,Semester 2,40,Dissertation
2143647,3,S,Semester 1,40,ENGLIT4002,ENGLIT4085
2143647,3,S,Semester 2,40,ENGLIT4086,ENGLIT4088
2144136,4,J,Semester 1,20,ENGLIT4104
2144136,4,J,Semester 2,40,Dissertation
2144312,4,S,Semester 1,60,ENGLIT4092,ENGLIT4107,ENGLIT4109
2144312,4,S,Semester 2,60,ENGLIT4099,Dissertation
2144440,4,J,Semester 1,40,Dissertation
2144440,4,J,Semester 2,20,ENGLIT4105
2144451,4,J,Semester 1,20,ENGLIT4109
2144451,4,J,Semester 2,40,Dissertation
2144614,4,J,Semester 1,20,ENGLIT4124
2144614,4,J,Semester 2,40,Dissertation
2144768,4,J,Semester 1,40,Dissertation
2144768,4,J,Semester 2,20,ENGLIT4108
2144805,3,S,Semester 1,40,ENGLIT4002,ENGLIT4119
2144805,3,S,Semester 2,40,ENGLIT4084,ENGLIT4086
2144881,4,J,Semester 1,20,ENGLIT4107
2144881,4,J,Semester 2,40,Dissertation
2145301,4,J,Semester 1,40,Dissertation
2145301,4,J,Semester 2,20,ENGLIT4111
2145344,4,J,Semester 1,40,Dissertation
2145344,4,J,Semester 2,20,ENGLIT4102
2145441,4,S,Semester 1,60,ENGLANG4035,ENGLIT4101,ENGLIT4110
2145441,4,S,Semester 2,60,ENGLIT4096,Dissertation
2145658,4,S,Semester 1,60,ENGLIT4109,Dissertation
2145658,4,S,Semester 2,60,ENGLIT4095,ENGLIT4105,ENGLIT4108
2146214,4,J,Semester 1,20,ENGLIT4106
2146214,4,J,Semester 2,40,Dissertation
2146536,4,J,Semester 1,20,ENGLIT4107
2146536,4,J,Semester 2,40,Dissertation
2146666,3,S,Semester 1,40,ENGLIT4002,ENGLIT4089
2146666,3,S,Semester 2,40,ENGLIT4084,ENGLIT4091
2146693,4,J,Semester 1,40,Dissertation
2146693,4,J,Semester 2,20,ENGLIT4102
2147544,4,J,Semester 1,40,Dissertation
2147544,4,J,Semester 2,20,ENGLIT4102
2148227,4,J,Semester 1,20,ENGLIT4097
2148227,4,J,Semester 2,40,Dissertation
2148413,4,J,Semester 1,20,ENGLIT4107
2148413,4,J,Semester 2,40,Dissertation
2148542,4,J,Semester 1,20,ENGLIT4104
2148542,4,J,Semester 2,40,Dissertation
2148563,3,S,Semester 1,40,ENGLIT4002,ENGLIT4089
2148563,3,S,Semester 2,40,ENGLIT4084,ENGLIT4091
2149175,4,J,Semester 1,40,Dissertation
2149175,4,J,Semester 2,20,ENGLIT4102
2162992,3,J,Semester 1,20,ENGLIT4085
2162992,3,J,Semester 2,20,ENGLIT4091
2163529,3,J,Semester 1,20,ENGLIT4002
2163529,3,J,Semester 2,20,ENGLIT4087
2166905,3,S,Semester 1,40,ENGLIT4085,ENGLIT4089
2166905,3,S,Semester 2,40,ENGLIT4084,ENGLIT4088
2167710,4,S,Semester 1,60,ENGLIT4101,ENGLIT4104,ENGLIT4109
2167710,4,S,Semester 2,60,ENGLIT4108,Dissertation
2167721,4,J,Semester 1,20,ENGLIT4097
2167721,4,J,Semester 2,40,Dissertation
2167722,3,J,Semester 1,20,ENGLIT4002
2167722,3,J,Semester 2,20,ENGLIT4086
2167735,4,J,Semester 1,40,Dissertation
2167735,4,J,Semester 2,20,ENGLANG4036
2167736,4,S,Semester 1,60,ENGLIT4097,ENGLIT4107,ENGLIT4124
2167736,4,S,Semester 2,60,ENGLIT4111,Dissertation
2167750,4,S,Semester 1,60,ENGLIT4106,Dissertation
2167750,4,S,Semester 2,60,ENGLIT4095,ENGLIT4096,ENGLIT4102
2167773,4,S,Semester 1,60,ENGLIT4106,ENGLIT4122,ENGLIT4124
2167773,4,S,Semester 2,60,ENGLIT4102,Dissertation
2167778,4,J,Semester 1,40,Dissertation
2167778,4,J,Semester 2,20,ENGLIT4108
2167926,4,J,Semester 1,40,Dissertation
2167926,4,J,Semester 2,20,ENGLIT4102
2167927,4,J,Semester 1,20,ENGLIT4110
2167927,4,J,Semester 2,40,Dissertation
2167931,4,J,Semester 1,20,ENGLIT4092
2167931,4,J,Semester 2,40,Dissertation
2167933,4,S,Semester 1,60,ENGLIT4094,ENGLIT4101,ENGLIT4122
2167933,4,S,Semester 2,60,ENGLIT4105,Dissertation
2167939,4,S,Semester 1,60,ENGLIT4094,ENGLIT4097,ENGLIT4107
2167939,4,S,Semester 2,60,ENGLIT4099,Dissertation
2168160,3,J,Semester 1,20,ENGLIT4085
2168160,3,J,Semester 2,20,ENGLIT4091
2169400,3,J,Semester 1,20,ENGLIT4089
2169400,3,J,Semester 2,20,ENGLIT4088
2171736,3,J,Semester 1,0
2171736,3,J,Semester 2,40,ENGLIT4088,ENGLIT4091
2172594,3,J,Semester 1,40,ENGLIT4085,ENGLIT4089
2172594,3,J,Semester 2,0
2173579,3,J,Semester 1,20,ENGLIT4085
2173579,3,J,Semester 2,20,ENGLIT4086
2173730,3,J,Semester 1,20,ENGLIT4002
2173730,3,J,Semester 2,20,ENGLIT4091
2174924,3,S,Semester 1,40,ENGLANG3001,ENGLIT4089
2174924,3,S,Semester 2,40,ENGLIT4087,ENGLIT4088
2175111,3,S,Semester 1,40,ENGLIT4121,TRS4060
2175111,3,S,Semester 2,40,ENGLIT4084,ENGLIT4088
2175862,3,S,Semester 1,40,ENGLIT4083,ENGLIT4121
2175862,3,S,Semester 2,40,ENGLIT4084,ENGLIT4091
2176607,3,J,Semester 1,20,ENGLIT4085
2176607,3,J,Semester 2,20,ENGLIT4091
2176841,3,J,Semester 1,20,ENGLIT4089
2176841,3,J,Semester 2,20,ENGLIT4088
2177502,3,J,Semester 1,20,ENGLIT4085
2177502,3,J,Semester 2,20,ENGLIT4084
2179214,3,J,Semester 1,0
2179214,3,J,Semester 2,40,ENGLIT4084,ENGLIT4088
2179841,3,J,Semester 1,20,ENGLIT4089
2179841,3,J,Semester 2,20,ENGLIT4084
2180835,3,S,Semester 1,40,ENGLIT4002,ENGLIT4085
2180835,3,S,Semester 2,40,ENGLIT4084,ENGLIT4087
2180853,3,J,Semester 1,20,ENGLIT4119
2180853,3,J,Semester 2,20,ENGLIT4091
2180871,3,S,Semester 1,40,ENGLIT4002,ENGLIT4089
2180871,3,S,Semester 2,40,ENGLIT4088,ENGLIT4091
2183328,3,J,Semester 1,0
2183328,3,J,Semester 2,40,ENGLIT4088,ENGLIT4091
2183384,3,S,Semester 1,40,ENGLIT4002,ENGLIT4089
2183384,3,S,Semester 2,40,ENGLIT4088,ENGLIT4091
2185002,3,J,Semester 1,0
2185002,3,J,Semester 2,40,ENGLIT4084,ENGLIT4087
2185317,3,J,Semester 1,0
2185317,3,J,Semester 2,20,ENGLIT4088
2185664,3,S,Semester 1,40,ENGLIT4089,ENGLIT4119
2185664,3,S,Semester 2,40,ENGLIT4084,ENGLIT4088
2186169,3,J,Semester 1,20,ENGLIT4089
2186169,3,J,Semester 2,20,ENGLIT4084
2186174,3,S,Semester 1,40,ENGLIT4089,ENGLIT4119
2186174,3,S,Semester 2,40,ENGLIT4084,ENGLIT4091
2186287,3,J,Semester 1,20,ENGLIT4089
2186287,3,J,Semester 2,20,ENGLIT4088
2186657,3,J,Semester 1,20,ENGLIT4089
2186657,3,J,Semester 2,20,ENGLIT4084
2187279,3,J,Semester 1,20,ENGLIT4089
2187279,3,J,Semester 2,20,ENGLIT4088
2187723,3,S,Semester 1,40,ENGLIT4002,ENGLIT4085
2187723,3,S,Semester 2,40,ENGLIT4088,ENGLIT4091
2187812,3,J,Semester 1,20,ENGLIT4083
2187812,3,J,Semester 2,20,ENGLIT4087
2188093,3,J,Semester 1,20,ENGLIT4089
2188093,3,J,Semester 2,20,ENGLIT4088
2188290,3,S,Semester 1,40,ENGLIT4085,ENGLIT4089
2188290,3,S,Semester 2,40,ENGLIT4087,ENGLIT4088
2188300,3,S,Semester 1,40,ENGLIT4002,ENGLIT4089
2188300,3,S,Semester 2,40,ENGLIT4087,ENGLIT4091
2188478,3,J,Semester 1,0
2188478,3,J,Semester 2,40,ENGLIT4086,ENGLIT4088
2188494,3,S,Semester 1,40,ENGLIT4002,ENGLIT4083
2188494,3,S,Semester 2,40,ENGLIT4084,ENGLIT4091
2188499,3,S,Semester 1,40,ENGLIT4083,ENGLIT4085
2188499,3,S,Semester 2,40,ENGLIT4086,ENGLIT4091
2189038,3,S,Semester 1,40,ENGLIT4002,ENGLIT4083
2189038,3,S,Semester 2,40,ENGLIT4086,ENGLIT4091
2189664,3,J,Semester 1,0
2189664,3,J,Semester 2,40,ENGLIT4088,ENGLIT4091
2190025,3,S,Semester 1,40,ENGLANG3001,ENGLIT4089
2190025,3,S,Semester 2,40,ENGLANG3003,ENGLIT4088
2190073,3,J,Semester 1,20,ENGLIT4085
2190073,3,J,Semester 2,20,ENGLIT4088
2190136,3,S,Semester 1,40,ENGLIT4083,ENGLIT4085
2190136,3,S,Semester 2,40,ENGLIT4088,ENGLIT4091
2190525,3,S,Semester 1,40,ENGLIT4002,ENGLIT4089
2190525,3,S,Semester 2,40,ENGLIT4088,ENGLIT4091
2190587,3,J,Semester 1,0
2190587,3,J,Semester 2,20,ENGLIT4091
2190645,3,S,Semester 1,40,ENGLIT4089,ENGLIT4119
2190645,3,S,Semester 2,40,ENGLIT4088,ENGLIT4091
2190659,3,J,Semester 1,20,ENGLIT4085
2190659,3,J,Semester 2,20,ENGLIT4088
2190741,3,S,Semester 1,40,ENGLIT4085,ENGLIT4089
2190741,3,S,Semester 2,40,ENGLIT4051,ENGLIT4088
2191064,3,S,Semester 1,40,ENGLIT4085,ENGLIT4089
2191064,3,S,Semester 2,40,ENGLIT4086,ENGLIT4087
2191090,3,J,Semester 1,20,ENGLIT4085
2191090,3,J,Semester 2,20,ENGLIT4086
2191094,3,J,Semester 1,20,ENGLIT4119
2191094,3,J,Semester 2,20,ENGLIT4091
2191173,3,J,Semester 1,20,ENGLIT4089
2191173,3,J,Semester 2,20,ENGLIT4084
2191668,3,S,Semester 1,40,ENGLANG3001,ENGLIT4002
2191668,3,S,Semester 2,40,ENGLANG3003,ENGLIT4086
2191882,3,J,Semester 1,20,ENGLIT4089
2191882,3,J,Semester 2,20,ENGLIT4086
2192821,3,S,Semester 1,40,ENGLIT4083,ENGLIT4085
2192821,3,S,Semester 2,40,ENGLIT4088,ENGLIT4091
2192967,3,J,Semester 1,20,ENGLIT4085
2192967,3,J,Semester 2,20,ENGLIT4086
2193003,3,J,Semester 1,20,ENGLIT4089
2193003,3,J,Semester 2,20,ENGLIT4088
2193028,3,J,Semester 1,20,ENGLANG3001
2193028,3,J,Semester 2,20,ENGLIT4088
2193389,3,S,Semester 1,40,ENGLIT4083,ENGLIT4085
2193389,3,S,Semester 2,40,ENGLIT4084,ENGLIT4088
2193655,3,J,Semester 1,20,ENGLIT4083
2193655,3,J,Semester 2,20,ENGLIT4086
2193726,3,S,Semester 1,40,ENGLIT4002,ENGLIT4121
2193726,3,S,Semester 2,40,ENGLIT4084,ENGLIT4091
2193758,3,J,Semester 1,20,ENGLIT4083
2193758,3,J,Semester 2,20,ENGLIT4091
2194216,3,J,Semester 1,20,ENGLIT4119
2194216,3,J,Semester 2,20,ENGLIT4086
2194807,3,J,Semester 1,0
2194807,3,J,Semester 2,40,ENGLIT4088,ENGLIT4091
2194928,3,S,Semester 1,40,ENGLIT4085,ENGLIT4089
2194928,3,S,Semester 2,40,ENGLIT4086,ENGLIT4088
2194984,3,J,Semester 1,20,ENGLIT4002
2194984,3,J,Semester 2,20,ENGLIT4088
2195010,3,J,Semester 1,20,ENGLIT4121
2195010,3,J,Semester 2,20,ENGLIT4088
2195044,3,J,Semester 1,0
2195044,3,J,Semester 2,40,ENGLIT4084,ENGLIT4088
2195246,3,J,Semester 1,20,ENGLIT4083
2195246,3,J,Semester 2,20,ENGLIT4088
2195399,3,J,Semester 1,20,ENGLIT4119
2195399,3,J,Semester 2,20,ENGLIT4084
2196104,3,S,Semester 1,40,ENGLIT4002,ENGLIT4121
2196104,3,S,Semester 2,40,ENGLIT4088,ENGLIT4091
2196186,3,J,Semester 1,20,ENGLIT4089
2196186,3,J,Semester 2,20,ENGLIT4088
2196366,3,S,Semester 1,40,ENGLIT4085,ENGLIT4089
2196366,3,S,Semester 2,40,ENGLIT4084,ENGLIT4088
2196648,3,J,Semester 1,20,ENGLIT4089
2196648,3,J,Semester 2,20,ENGLIT4086
2196650,3,S,Semester 1,40,ENGLIT4002,ENGLIT4089
2196650,3,S,Semester 2,40,ENGLIT4084,ENGLIT4088
2196660,3,J,Semester 1,20,ENGLIT4085
2196660,3,J,Semester 2,20,ENGLIT4087
2196899,3,J,Semester 1,20,ENGLIT4002
2196899,3,J,Semester 2,20,ENGLIT4084
2197086,3,S,Semester 1,40,ENGLIT4002,ENGLIT4085
2197086,3,S,Semester 2,40,ENGLIT4086,ENGLIT4091
2197417,3,J,Semester 1,20,ENGLIT4089
2197417,3,J,Semester 2,20,ENGLIT4084
2197443,3,J,Semester 1,0
2197443,3,J,Semester 2,20,ENGLIT4091
2198099,3,J,Semester 1,20,ENGLIT4089
2198099,3,J,Semester 2,20,ENGLIT4088
2198607,3,S,Semester 1,40,ENGLIT4089,ENGLIT4119
2198607,3,S,Semester 2,40,ENGLIT4087,ENGLIT4088
2198645,3,J,Semester 1,20,ENGLIT4089
2198645,3,J,Semester 2,20,ENGLIT4088
2198668,3,S,Semester 1,40,ENGLANG3001,ENGLIT4083
2198668,3,S,Semester 2,40,ENGLANG3003,ENGLIT4084
2198972,3,J,Semester 1,0
2198972,3,J,Semester 2,20,ENGLIT4088
2199359,3,J,Semester 1,20,ENGLIT4119
2199359,3,J,Semester 2,20,ENGLIT4091
2199645,3,S,Semester 1,40,ENGLIT4085,ENGLIT4089
2199645,3,S,Semester 2,40,ENGLIT4088,ENGLIT4091
2199723,3,S,Semester 1,40,ENGLIT4085,TRS4060
2199723,3,S,Semester 2,40,ENGLIT4084,ENGLIT4091
2200047,3,S,Semester 1,40,ENGLIT4002,ENGLIT4119
2200047,3,S,Semester 2,40,ENGLIT4051,ENGLIT4084
2200100,3,J,Semester 1,20,ENGLIT4085
2200100,3,J,Semester 2,20,ENGLIT4091
2200196,3,J,Semester 1,20,ENGLIT4089
2200196,3,J,Semester 2,20,ENGLIT4091
2200530,3,J,Semester 1,20,ENGLIT4121
2200530,3,J,Semester 2,20,ENGLIT4088
2201131,3,J,Semester 1,20,ENGLIT4085
2201131,3,J,Semester 2,20,ENGLIT4088
2201528,3,J,Semester 1,20,ENGLIT4085
2201528,3,J,Semester 2,20,ENGLIT4088
2201549,3,J,Semester 1,20,ENGLIT4089
2201549,3,J,Semester 2,20,ENGLIT4088
2201652,3,J,Semester 1,20,ENGLIT4089
2201652,3,J,Semester 2,20,ENGLIT4088
2201672,3,J,Semester 1,20,ENGLANG3001
2201672,3,J,Semester 2,20,ENGLANG3003
2202724,3,J,Semester 1,20,ENGLIT4085
2202724,3,J,Semester 2,20,ENGLIT4088
2203141,3,S,Semester 1,40,ENGLIT4083,ENGLIT4085
2203141,3,S,Semester 2,40,ENGLIT4084,ENGLIT4088
2203659,3,J,Semester 1,20,ENGLIT4085
2203659,3,J,Semester 2,20,ENGLANG3003
2203821,3,S,Semester 1,40,ENGLIT4002,ENGLIT4085
2203821,3,S,Semester 2,40,ENGLIT4088,ENGLIT4091
2204455,3,S,Semester 1,40,ENGLIT4083,ENGLIT4119
2204455,3,S,Semester 2,40,ENGLIT4084,ENGLIT4088
2205328,3,S,Semester 1,40,ENGLIT4002,ENGLIT4085
2205328,3,S,Semester 2,40,ENGLIT4086,ENGLIT4088
2206312,3,J,Semester 1,0
2206312,3,J,Semester 2,20,ENGLIT4088
2207881,3,J,Semester 1,20,ENGLIT4089
2207881,3,J,Semester 2,20,ENGLIT4086
2207884,3,S,Semester 1,40,ENGLIT4089,ENGLIT4119
2207884,3,S,Semester 2,40,ENGLIT4088,ENGLIT4091
2208050,3,J,Semester 1,20,ENGLIT4089
2208050,3,J,Semester 2,20,ENGLIT4088
2208778,3,S,Semester 1,40,ENGLIT4085,ENGLIT4089
2208778,3,S,Semester 2,40,ENGLIT4088,ENGLIT4091
2209069,3,J,Semester 1,0
2209069,3,J,Semester 2,40,ENGLIT4051,ENGLIT4088
2209423,3,S,Semester 1,40,ENGLIT4002,ENGLIT4083
2209423,3,S,Semester 2,40,ENGLIT4084,ENGLIT4091
2209512,3,S,Semester 1,40,ENGLIT4002,ENGLIT4119
2209512,3,S,Semester 2,40,ENGLIT4084,ENGLIT4088
2210336,4,S,Semester 1,60,ENGLIT4110,Dissertation
2210336,4,S,Semester 2,60,ENGLIT4096,ENGLIT4103,ENGLIT4105
2217179,3,J,Semester 1,0
2217179,3,J,Semester 2,40,ENGLIT4084,ENGLIT4091
2225283,3,S,Semester 1,40,ENGLIT4083,ENGLIT4121
2225283,3,S,Semester 2,40,ENGLIT4084,ENGLIT4086
2227160,3,J,Semester 1,20,ENGLIT4002
2227160,3,J,Semester 2,20,ENGLIT4084
2227184,3,S,Semester 1,40,ENGLIT4089,ENGLIT4121
2227184,3,S,Semester 2,40,ENGLIT4084,ENGLIT4091
2227185,3,S,Semester 1,40,ENGLIT4085,THEATRE4076
2227185,3,S,Semester 2,40,ENGLIT4051,ENGLIT4084
2227766,3,S,Semester 1,40,ENGLIT4089,ENGLIT4119
2227766,3,S,Semester 2,40,ENGLIT4084,ENGLIT4088
3306783,3,J,Semester 1,20,ENGLANG3001
3306783,3,J,Semester 2,20,ENGLIT4051
8417331,3,J,Semester 1,0
8417331,3,J,Semester 2,40,ENGLIT4088,ENGLIT4091
9509533,4,J,Semester 1,20,ENGLIT4107
9509533,4,J,Semester 2,40,Dissertation